[{
        "name": "ReactJS",
        "icon": "https://img.icons8.com/external-tal-revivo-color-tal-revivo/48/000000/external-react-a-javascript-library-for-building-user-interfaces-logo-color-tal-revivo.png"
    },
    {
        "name": "ExpressJS",
        "icon": "https://img.icons8.com/fluency/48/000000/node-js.png"
    },
    {
        "name": "NodeJS",
        "icon": "https://img.icons8.com/color/48/000000/nodejs.png"
    },



    {
        "name": "Bootstrap",
        "icon": "https://img.icons8.com/color/48/000000/bootstrap.png"
    },

    {
        "name": "HTML5",
        "icon": "https://img.icons8.com/color/48/000000/html-5--v1.png"
    },
    {
        "name": "CSS3",
        "icon": "https://img.icons8.com/color/48/000000/css3.png"
    },
    {
        "name": "JavaScript",
        "icon": "https://img.icons8.com/color/48/000000/javascript--v1.png"
    },
    {
        "name": "Java",
        "icon": "https://img.icons8.com/color/48/000000/java-coffee-cup-logo--v1.png"
    },


    {
        "name": "C++",
        "icon": "https://img.icons8.com/color/48/000000/c-plus-plus-logo.png"
    },
    {
        "name": "MongoDB",
        "icon": "https://img.icons8.com/color/48/000000/mongodb.png"
    },


    {
        "name": "GitHub",
        "icon": "https://img.icons8.com/glyph-neue/48/ffffff/github.png"
    },
    {
        "name": "WordPress",
        "icon": "https://img.icons8.com/color/48/000000/wordpress.png"
    }
]